{
  "feature_registry": "default",
  "feature_names": [
    "depth",
    "num_qubits",
    "total_gates",
    "count_h",
    "count_x",
    "count_y",
    "count_z",
    "count_s",
    "count_t",
    "count_rx",
    "count_ry",
    "count_rz",
    "count_cx",
    "count_cz",
    "count_swap",
    "backend_cpu",
    "backend_gpu",
    "precision_single",
    "precision_double",
    "two_qubit_ratio",
    "connectivity",
    "depth_width_ratio",
    "max_degree",
    "degree_entropy",
    "score_arithmetic",
    "score_qnn",
    "score_qft",
    "clustering_coeff",
    "connected_components",
    "optimized_max_cut",
    "optimized_mean_cut",
    "optimized_max_span"
  ],
  "mean": [
    4.377646446228027,
    0.22500014305114746,
    5.779295444488525,
    1.9405242204666138,
    0.31897470355033875,
    0.0,
    0.0,
    0.0,
    0.0,
    0.2456001192331314,
    1.212861180305481,
    0.0,
    2.957760810852051,
    0.791832447052002,
    0.6067976355552673,
    0.5,
    0.5,
    0.5,
    0.5,
    0.32895854115486145,
    0.5744056105613708,
    1.6949933767318726,
    0.6756135821342468,
    0.9497511982917786,
    0.024928776547312737,
    0.3740614950656891,
    0.07993722707033157,
    0.5625831484794617,
    0.9117382168769836,
    4.043549060821533,
    3.7129106521606445,
    2.2850794792175293
  ],
  "std": [
    1.6041460037231445,
    0.24946798384189606,
    1.590064525604248,
    2.026714324951172,
    0.7264756560325623,
    0.0,
    0.0,
    0.0,
    0.0,
    0.8298540711402893,
    1.9276455640792847,
    0.0,
    2.5314671993255615,
    1.6177903413772583,
    1.2685604095458984,
    0.5,
    0.5,
    0.5,
    0.5,
    0.2509952485561371,
    0.4357263743877411,
    1.4223006963729858,
    0.41628819704055786,
    0.1034659743309021,
    0.11955420672893524,
    0.34384647011756897,
    0.17769844830036163,
    0.47107893228530884,
    0.5769170522689819,
    2.4932825565338135,
    2.3672609329223633,
    1.3118083477020264
  ]
}